id	target_reference	translator_id	reviewer_id	reference_status	notes
iwslt24_test_quechua000698				pending	
iwslt24_test_quechua000699				pending	
iwslt24_test_quechua000700				pending	
iwslt24_test_quechua000701				pending	
iwslt24_test_quechua000702				pending	
iwslt24_test_quechua000703				pending	
iwslt24_test_quechua000704				pending	
iwslt24_test_quechua000705				pending	
iwslt24_test_quechua000706				pending	
iwslt24_test_quechua000707				pending	
iwslt24_test_quechua000708				pending	
iwslt24_test_quechua000709				pending	
iwslt24_test_quechua000710				pending	
iwslt24_test_quechua000711				pending	
iwslt24_test_quechua000712				pending	
iwslt24_test_quechua000713				pending	
iwslt24_test_quechua000714				pending	
iwslt24_test_quechua000715				pending	
iwslt24_test_quechua000716				pending	
iwslt24_test_quechua000717				pending	
iwslt24_test_quechua000718				pending	
iwslt24_test_quechua000719				pending	
iwslt24_test_quechua000720				pending	
iwslt24_test_quechua000721				pending	
iwslt24_test_quechua000722				pending	
iwslt24_test_quechua000723				pending	
iwslt24_test_quechua000724				pending	
iwslt24_test_quechua000725				pending	
iwslt24_test_quechua000726				pending	
iwslt24_test_quechua000727				pending	
iwslt24_test_quechua000728				pending	
iwslt24_test_quechua000729				pending	
iwslt24_test_quechua000730				pending	
iwslt24_test_quechua000731				pending	
iwslt24_test_quechua000732				pending	
iwslt24_test_quechua000733				pending	
iwslt24_test_quechua000734				pending	
iwslt24_test_quechua000735				pending	
iwslt24_test_quechua000736				pending	
iwslt24_test_quechua000737				pending	
iwslt24_test_quechua000738				pending	
iwslt24_test_quechua000739				pending	
iwslt24_test_quechua000740				pending	
iwslt24_test_quechua000741				pending	
iwslt24_test_quechua000742				pending	
iwslt24_test_quechua000743				pending	
iwslt24_test_quechua000744				pending	
iwslt24_test_quechua000745				pending	
iwslt24_test_quechua000746				pending	
iwslt24_test_quechua000747				pending	
iwslt24_test_quechua000748				pending	
iwslt24_test_quechua000749				pending	
iwslt24_test_quechua000750				pending	
iwslt24_test_quechua000751				pending	
iwslt24_test_quechua000752				pending	
iwslt24_test_quechua000753				pending	
iwslt24_test_quechua000754				pending	
iwslt24_test_quechua000755				pending	
iwslt24_test_quechua000756				pending	
iwslt24_test_quechua000757				pending	
iwslt24_test_quechua000758				pending	
iwslt24_test_quechua000759				pending	
iwslt24_test_quechua000760				pending	
iwslt24_test_quechua000761				pending	
iwslt24_test_quechua000762				pending	
iwslt24_test_quechua000763				pending	
iwslt24_test_quechua000764				pending	
iwslt24_test_quechua000765				pending	
iwslt24_test_quechua000766				pending	
iwslt24_test_quechua000767				pending	
iwslt24_test_quechua000768				pending	
iwslt24_test_quechua000769				pending	
iwslt24_test_quechua000770				pending	
iwslt24_test_quechua000771				pending	
iwslt24_test_quechua000772				pending	
iwslt24_test_quechua000773				pending	
iwslt24_test_quechua000774				pending	
iwslt24_test_quechua000775				pending	
iwslt24_test_quechua000776				pending	
iwslt24_test_quechua000777				pending	
iwslt24_test_quechua000778				pending	
iwslt24_test_quechua000779				pending	
iwslt24_test_quechua000780				pending	
iwslt24_test_quechua000781				pending	
iwslt24_test_quechua000782				pending	
iwslt24_test_quechua000783				pending	
iwslt24_test_quechua000784				pending	
iwslt24_test_quechua000785				pending	
iwslt24_test_quechua000786				pending	
iwslt24_test_quechua000787				pending	
iwslt24_test_quechua000788				pending	
iwslt24_test_quechua000789				pending	
iwslt24_test_quechua000790				pending	
iwslt24_test_quechua000791				pending	
iwslt24_test_quechua000792				pending	
iwslt24_test_quechua000793				pending	
iwslt24_test_quechua000794				pending	
iwslt24_test_quechua000795				pending	
iwslt24_test_quechua000796				pending	
iwslt24_test_quechua000797				pending	
iwslt24_test_quechua000798				pending	
iwslt24_test_quechua000799				pending	
iwslt24_test_quechua000800				pending	
iwslt24_test_quechua000801				pending	
iwslt24_test_quechua000802				pending	
iwslt24_test_quechua000803				pending	
iwslt24_test_quechua000804				pending	
iwslt24_test_quechua000805				pending	
iwslt24_test_quechua000806				pending	
iwslt24_test_quechua000807				pending	
iwslt24_test_quechua000808				pending	
iwslt24_test_quechua000809				pending	
iwslt24_test_quechua000810				pending	
iwslt24_test_quechua000811				pending	
iwslt24_test_quechua000812				pending	
iwslt24_test_quechua000813				pending	
iwslt24_test_quechua000814				pending	
iwslt24_test_quechua000815				pending	
iwslt24_test_quechua000816				pending	
iwslt24_test_quechua000817				pending	
iwslt24_test_quechua000818				pending	
iwslt24_test_quechua000819				pending	
iwslt24_test_quechua000820				pending	
iwslt24_test_quechua000821				pending	
iwslt24_test_quechua000822				pending	
iwslt24_train_quechua000000				pending	
iwslt24_train_quechua000001				pending	
iwslt24_train_quechua000002				pending	
iwslt24_train_quechua000003				pending	
iwslt24_train_quechua000004				pending	
iwslt24_train_quechua000005				pending	
iwslt24_train_quechua000006				pending	
iwslt24_train_quechua000007				pending	
iwslt24_train_quechua000008				pending	
iwslt24_train_quechua000009				pending	
iwslt24_train_quechua000010				pending	
iwslt24_train_quechua000011				pending	
iwslt24_train_quechua000012				pending	
iwslt24_train_quechua000013				pending	
iwslt24_train_quechua000014				pending	
iwslt24_train_quechua000015				pending	
iwslt24_train_quechua000016				pending	
iwslt24_train_quechua000017				pending	
iwslt24_train_quechua000018				pending	
iwslt24_train_quechua000019				pending	
iwslt24_train_quechua000020				pending	
iwslt24_train_quechua000021				pending	
iwslt24_train_quechua000022				pending	
iwslt24_train_quechua000023				pending	
iwslt24_train_quechua000024				pending	
iwslt24_train_quechua000025				pending	
iwslt24_train_quechua000026				pending	
iwslt24_train_quechua000027				pending	
iwslt24_train_quechua000028				pending	
iwslt24_train_quechua000029				pending	
iwslt24_train_quechua000030				pending	
iwslt24_train_quechua000031				pending	
iwslt24_train_quechua000032				pending	
iwslt24_train_quechua000033				pending	
iwslt24_train_quechua000034				pending	
iwslt24_train_quechua000035				pending	
iwslt24_train_quechua000036				pending	
iwslt24_train_quechua000037				pending	
iwslt24_train_quechua000038				pending	
iwslt24_train_quechua000039				pending	
iwslt24_train_quechua000040				pending	
iwslt24_train_quechua000041				pending	
iwslt24_train_quechua000042				pending	
iwslt24_train_quechua000043				pending	
iwslt24_train_quechua000044				pending	
iwslt24_train_quechua000045				pending	
iwslt24_train_quechua000046				pending	
iwslt24_train_quechua000047				pending	
iwslt24_train_quechua000048				pending	
iwslt24_train_quechua000049				pending	
iwslt24_train_quechua000050				pending	
iwslt24_train_quechua000051				pending	
iwslt24_train_quechua000052				pending	
iwslt24_train_quechua000053				pending	
iwslt24_train_quechua000054				pending	
iwslt24_train_quechua000055				pending	
iwslt24_train_quechua000056				pending	
iwslt24_train_quechua000057				pending	
iwslt24_train_quechua000058				pending	
iwslt24_train_quechua000059				pending	
iwslt24_train_quechua000060				pending	
iwslt24_train_quechua000061				pending	
iwslt24_train_quechua000062				pending	
iwslt24_train_quechua000063				pending	
iwslt24_train_quechua000064				pending	
iwslt24_train_quechua000065				pending	
iwslt24_train_quechua000066				pending	
iwslt24_train_quechua000067				pending	
iwslt24_train_quechua000068				pending	
iwslt24_train_quechua000069				pending	
iwslt24_train_quechua000070				pending	
iwslt24_train_quechua000071				pending	
iwslt24_train_quechua000072				pending	
iwslt24_train_quechua000073				pending	
iwslt24_train_quechua000074				pending	
iwslt24_train_quechua000075				pending	
iwslt24_train_quechua000076				pending	
iwslt24_train_quechua000077				pending	
iwslt24_train_quechua000078				pending	
iwslt24_train_quechua000079				pending	
iwslt24_train_quechua000080				pending	
iwslt24_train_quechua000081				pending	
iwslt24_train_quechua000082				pending	
iwslt24_train_quechua000083				pending	
iwslt24_train_quechua000084				pending	
iwslt24_train_quechua000085				pending	
iwslt24_train_quechua000086				pending	
iwslt24_train_quechua000087				pending	
iwslt24_train_quechua000088				pending	
iwslt24_train_quechua000089				pending	
iwslt24_train_quechua000090				pending	
iwslt24_train_quechua000091				pending	
iwslt24_train_quechua000092				pending	
iwslt24_train_quechua000093				pending	
iwslt24_train_quechua000094				pending	
iwslt24_train_quechua000095				pending	
iwslt24_train_quechua000096				pending	
iwslt24_train_quechua000097				pending	
iwslt24_train_quechua000098				pending	
iwslt24_train_quechua000099				pending	
iwslt24_train_quechua000100				pending	
iwslt24_train_quechua000101				pending	
iwslt24_train_quechua000102				pending	
iwslt24_train_quechua000103				pending	
iwslt24_train_quechua000104				pending	
iwslt24_train_quechua000105				pending	
iwslt24_train_quechua000106				pending	
iwslt24_train_quechua000107				pending	
iwslt24_train_quechua000108				pending	
iwslt24_train_quechua000109				pending	
iwslt24_train_quechua000110				pending	
iwslt24_train_quechua000111				pending	
iwslt24_train_quechua000112				pending	
iwslt24_train_quechua000113				pending	
iwslt24_train_quechua000114				pending	
iwslt24_train_quechua000115				pending	
iwslt24_train_quechua000116				pending	
iwslt24_train_quechua000117				pending	
iwslt24_train_quechua000118				pending	
iwslt24_train_quechua000119				pending	
iwslt24_train_quechua000120				pending	
iwslt24_train_quechua000121				pending	
iwslt24_train_quechua000122				pending	
iwslt24_train_quechua000123				pending	
iwslt24_train_quechua000124				pending	
iwslt24_train_quechua000125				pending	
iwslt24_train_quechua000126				pending	
iwslt24_train_quechua000127				pending	
iwslt24_train_quechua000128				pending	
iwslt24_train_quechua000129				pending	
iwslt24_train_quechua000130				pending	
iwslt24_train_quechua000131				pending	
iwslt24_train_quechua000132				pending	
iwslt24_train_quechua000133				pending	
iwslt24_train_quechua000134				pending	
iwslt24_train_quechua000135				pending	
iwslt24_train_quechua000136				pending	
iwslt24_train_quechua000137				pending	
iwslt24_train_quechua000138				pending	
iwslt24_train_quechua000139				pending	
iwslt24_train_quechua000140				pending	
iwslt24_train_quechua000141				pending	
iwslt24_train_quechua000142				pending	
iwslt24_train_quechua000143				pending	
iwslt24_train_quechua000144				pending	
iwslt24_train_quechua000145				pending	
iwslt24_train_quechua000146				pending	
iwslt24_train_quechua000147				pending	
iwslt24_train_quechua000148				pending	
iwslt24_train_quechua000149				pending	
iwslt24_train_quechua000150				pending	
iwslt24_train_quechua000151				pending	
iwslt24_train_quechua000152				pending	
iwslt24_train_quechua000153				pending	
iwslt24_train_quechua000154				pending	
iwslt24_train_quechua000155				pending	
iwslt24_train_quechua000156				pending	
iwslt24_train_quechua000157				pending	
iwslt24_train_quechua000158				pending	
iwslt24_train_quechua000159				pending	
iwslt24_train_quechua000160				pending	
iwslt24_train_quechua000161				pending	
iwslt24_train_quechua000162				pending	
iwslt24_train_quechua000163				pending	
iwslt24_train_quechua000164				pending	
iwslt24_train_quechua000165				pending	
iwslt24_train_quechua000166				pending	
iwslt24_train_quechua000167				pending	
iwslt24_train_quechua000168				pending	
iwslt24_train_quechua000169				pending	
iwslt24_train_quechua000170				pending	
iwslt24_train_quechua000171				pending	
iwslt24_train_quechua000172				pending	
iwslt24_train_quechua000173				pending	
iwslt24_train_quechua000174				pending	
iwslt24_train_quechua000175				pending	
iwslt24_train_quechua000176				pending	
iwslt24_train_quechua000177				pending	
iwslt24_train_quechua000178				pending	
iwslt24_train_quechua000179				pending	
iwslt24_train_quechua000180				pending	
iwslt24_train_quechua000181				pending	
iwslt24_train_quechua000182				pending	
iwslt24_train_quechua000183				pending	
iwslt24_train_quechua000184				pending	
iwslt24_train_quechua000185				pending	
iwslt24_train_quechua000186				pending	
iwslt24_train_quechua000187				pending	
iwslt24_train_quechua000188				pending	
iwslt24_train_quechua000189				pending	
iwslt24_train_quechua000190				pending	
iwslt24_train_quechua000191				pending	
iwslt24_train_quechua000192				pending	
iwslt24_train_quechua000193				pending	
iwslt24_train_quechua000194				pending	
iwslt24_train_quechua000195				pending	
iwslt24_train_quechua000196				pending	
iwslt24_train_quechua000197				pending	
iwslt24_train_quechua000198				pending	
iwslt24_train_quechua000199				pending	
iwslt24_train_quechua000200				pending	
iwslt24_train_quechua000201				pending	
iwslt24_train_quechua000202				pending	
iwslt24_train_quechua000203				pending	
iwslt24_train_quechua000204				pending	
iwslt24_train_quechua000205				pending	
iwslt24_train_quechua000206				pending	
iwslt24_train_quechua000207				pending	
iwslt24_train_quechua000208				pending	
iwslt24_train_quechua000209				pending	
iwslt24_train_quechua000210				pending	
iwslt24_train_quechua000211				pending	
iwslt24_train_quechua000212				pending	
iwslt24_train_quechua000213				pending	
iwslt24_train_quechua000214				pending	
iwslt24_train_quechua000215				pending	
iwslt24_train_quechua000216				pending	
iwslt24_train_quechua000217				pending	
iwslt24_train_quechua000218				pending	
iwslt24_train_quechua000219				pending	
iwslt24_train_quechua000220				pending	
iwslt24_train_quechua000221				pending	
iwslt24_train_quechua000222				pending	
iwslt24_train_quechua000223				pending	
iwslt24_train_quechua000224				pending	
iwslt24_train_quechua000225				pending	
iwslt24_train_quechua000226				pending	
iwslt24_train_quechua000227				pending	
iwslt24_train_quechua000228				pending	
iwslt24_train_quechua000229				pending	
iwslt24_train_quechua000230				pending	
iwslt24_train_quechua000231				pending	
iwslt24_train_quechua000232				pending	
iwslt24_train_quechua000233				pending	
iwslt24_train_quechua000234				pending	
iwslt24_train_quechua000235				pending	
iwslt24_train_quechua000236				pending	
iwslt24_train_quechua000237				pending	
iwslt24_train_quechua000238				pending	
iwslt24_train_quechua000239				pending	
iwslt24_train_quechua000240				pending	
iwslt24_train_quechua000241				pending	
iwslt24_train_quechua000242				pending	
iwslt24_train_quechua000243				pending	
iwslt24_train_quechua000244				pending	
iwslt24_train_quechua000245				pending	
iwslt24_train_quechua000246				pending	
iwslt24_train_quechua000247				pending	
iwslt24_train_quechua000248				pending	
iwslt24_train_quechua000249				pending	
iwslt24_train_quechua000250				pending	
iwslt24_train_quechua000251				pending	
iwslt24_train_quechua000252				pending	
iwslt24_train_quechua000253				pending	
iwslt24_train_quechua000254				pending	
iwslt24_train_quechua000255				pending	
iwslt24_train_quechua000256				pending	
iwslt24_train_quechua000257				pending	
iwslt24_train_quechua000258				pending	
iwslt24_train_quechua000259				pending	
iwslt24_train_quechua000260				pending	
iwslt24_train_quechua000261				pending	
iwslt24_train_quechua000262				pending	
iwslt24_train_quechua000263				pending	
iwslt24_train_quechua000264				pending	
iwslt24_train_quechua000265				pending	
iwslt24_train_quechua000266				pending	
iwslt24_train_quechua000267				pending	
iwslt24_train_quechua000268				pending	
iwslt24_train_quechua000269				pending	
iwslt24_train_quechua000270				pending	
iwslt24_train_quechua000271				pending	
iwslt24_train_quechua000272				pending	
iwslt24_train_quechua000273				pending	
iwslt24_train_quechua000274				pending	
iwslt24_train_quechua000275				pending	
iwslt24_train_quechua000276				pending	
iwslt24_train_quechua000277				pending	
iwslt24_train_quechua000278				pending	
iwslt24_train_quechua000279				pending	
iwslt24_train_quechua000280				pending	
iwslt24_train_quechua000281				pending	
iwslt24_train_quechua000282				pending	
iwslt24_train_quechua000283				pending	
iwslt24_train_quechua000284				pending	
iwslt24_train_quechua000285				pending	
iwslt24_train_quechua000286				pending	
iwslt24_train_quechua000287				pending	
iwslt24_train_quechua000288				pending	
iwslt24_train_quechua000289				pending	
iwslt24_train_quechua000290				pending	
iwslt24_train_quechua000291				pending	
iwslt24_train_quechua000292				pending	
iwslt24_train_quechua000293				pending	
iwslt24_train_quechua000294				pending	
iwslt24_train_quechua000295				pending	
iwslt24_train_quechua000296				pending	
iwslt24_train_quechua000297				pending	
iwslt24_train_quechua000298				pending	
iwslt24_train_quechua000299				pending	
iwslt24_train_quechua000300				pending	
iwslt24_train_quechua000301				pending	
iwslt24_train_quechua000302				pending	
iwslt24_train_quechua000303				pending	
iwslt24_train_quechua000304				pending	
iwslt24_train_quechua000305				pending	
iwslt24_train_quechua000306				pending	
iwslt24_train_quechua000307				pending	
iwslt24_train_quechua000308				pending	
iwslt24_train_quechua000309				pending	
iwslt24_train_quechua000310				pending	
iwslt24_train_quechua000311				pending	
iwslt24_train_quechua000312				pending	
iwslt24_train_quechua000313				pending	
iwslt24_train_quechua000314				pending	
iwslt24_train_quechua000315				pending	
iwslt24_train_quechua000316				pending	
iwslt24_train_quechua000317				pending	
iwslt24_train_quechua000318				pending	
iwslt24_train_quechua000319				pending	
iwslt24_train_quechua000320				pending	
iwslt24_train_quechua000321				pending	
iwslt24_train_quechua000322				pending	
iwslt24_train_quechua000323				pending	
iwslt24_train_quechua000324				pending	
iwslt24_train_quechua000325				pending	
iwslt24_train_quechua000326				pending	
iwslt24_train_quechua000327				pending	
iwslt24_train_quechua000328				pending	
iwslt24_train_quechua000329				pending	
iwslt24_train_quechua000330				pending	
iwslt24_train_quechua000331				pending	
iwslt24_train_quechua000332				pending	
iwslt24_train_quechua000333				pending	
iwslt24_train_quechua000334				pending	
iwslt24_train_quechua000335				pending	
iwslt24_train_quechua000336				pending	
iwslt24_train_quechua000337				pending	
iwslt24_train_quechua000338				pending	
iwslt24_train_quechua000339				pending	
iwslt24_train_quechua000340				pending	
iwslt24_train_quechua000341				pending	
iwslt24_train_quechua000342				pending	
iwslt24_train_quechua000343				pending	
iwslt24_train_quechua000344				pending	
iwslt24_train_quechua000345				pending	
iwslt24_train_quechua000346				pending	
iwslt24_train_quechua000347				pending	
iwslt24_train_quechua000348				pending	
iwslt24_train_quechua000349				pending	
iwslt24_train_quechua000350				pending	
iwslt24_train_quechua000351				pending	
iwslt24_train_quechua000352				pending	
iwslt24_train_quechua000353				pending	
iwslt24_train_quechua000354				pending	
iwslt24_train_quechua000355				pending	
iwslt24_train_quechua000356				pending	
iwslt24_train_quechua000357				pending	
iwslt24_train_quechua000358				pending	
iwslt24_train_quechua000359				pending	
iwslt24_train_quechua000360				pending	
iwslt24_train_quechua000361				pending	
iwslt24_train_quechua000362				pending	
iwslt24_train_quechua000363				pending	
iwslt24_train_quechua000364				pending	
iwslt24_train_quechua000365				pending	
iwslt24_train_quechua000366				pending	
iwslt24_train_quechua000367				pending	
iwslt24_train_quechua000368				pending	
iwslt24_train_quechua000369				pending	
iwslt24_train_quechua000370				pending	
iwslt24_train_quechua000371				pending	
iwslt24_train_quechua000372				pending	
iwslt24_train_quechua000373				pending	
iwslt24_train_quechua000374				pending	
iwslt24_train_quechua000375				pending	
iwslt24_train_quechua000376				pending	
iwslt24_train_quechua000377				pending	
iwslt24_train_quechua000378				pending	
iwslt24_train_quechua000379				pending	
iwslt24_train_quechua000380				pending	
iwslt24_train_quechua000381				pending	
iwslt24_train_quechua000382				pending	
iwslt24_train_quechua000383				pending	
iwslt24_train_quechua000384				pending	
iwslt24_train_quechua000385				pending	
iwslt24_train_quechua000386				pending	
iwslt24_train_quechua000387				pending	
iwslt24_train_quechua000388				pending	
iwslt24_train_quechua000389				pending	
iwslt24_train_quechua000390				pending	
iwslt24_train_quechua000391				pending	
iwslt24_train_quechua000392				pending	
iwslt24_train_quechua000393				pending	
iwslt24_train_quechua000394				pending	
iwslt24_train_quechua000395				pending	
iwslt24_train_quechua000396				pending	
iwslt24_train_quechua000397				pending	
iwslt24_train_quechua000398				pending	
iwslt24_train_quechua000399				pending	
iwslt24_train_quechua000400				pending	
iwslt24_train_quechua000401				pending	
iwslt24_train_quechua000402				pending	
iwslt24_train_quechua000403				pending	
iwslt24_train_quechua000404				pending	
iwslt24_train_quechua000405				pending	
iwslt24_train_quechua000406				pending	
iwslt24_train_quechua000407				pending	
iwslt24_train_quechua000408				pending	
iwslt24_train_quechua000409				pending	
iwslt24_train_quechua000410				pending	
iwslt24_train_quechua000411				pending	
iwslt24_train_quechua000412				pending	
iwslt24_train_quechua000413				pending	
iwslt24_train_quechua000414				pending	
iwslt24_train_quechua000415				pending	
iwslt24_train_quechua000416				pending	
iwslt24_train_quechua000417				pending	
iwslt24_train_quechua000418				pending	
iwslt24_train_quechua000419				pending	
iwslt24_train_quechua000420				pending	
iwslt24_train_quechua000421				pending	
iwslt24_train_quechua000422				pending	
iwslt24_train_quechua000423				pending	
iwslt24_train_quechua000424				pending	
iwslt24_train_quechua000425				pending	
iwslt24_train_quechua000426				pending	
iwslt24_train_quechua000427				pending	
iwslt24_train_quechua000428				pending	
iwslt24_train_quechua000429				pending	
iwslt24_train_quechua000430				pending	
iwslt24_train_quechua000431				pending	
iwslt24_train_quechua000432				pending	
iwslt24_train_quechua000433				pending	
iwslt24_train_quechua000434				pending	
iwslt24_train_quechua000435				pending	
iwslt24_train_quechua000436				pending	
iwslt24_train_quechua000437				pending	
iwslt24_train_quechua000438				pending	
iwslt24_train_quechua000439				pending	
iwslt24_train_quechua000440				pending	
iwslt24_train_quechua000441				pending	
iwslt24_train_quechua000442				pending	
iwslt24_train_quechua000443				pending	
iwslt24_train_quechua000444				pending	
iwslt24_train_quechua000445				pending	
iwslt24_train_quechua000446				pending	
iwslt24_train_quechua000447				pending	
iwslt24_train_quechua000448				pending	
iwslt24_train_quechua000449				pending	
iwslt24_train_quechua000450				pending	
iwslt24_train_quechua000451				pending	
iwslt24_train_quechua000452				pending	
iwslt24_train_quechua000453				pending	
iwslt24_train_quechua000454				pending	
iwslt24_train_quechua000455				pending	
iwslt24_train_quechua000456				pending	
iwslt24_train_quechua000457				pending	
iwslt24_train_quechua000458				pending	
iwslt24_train_quechua000459				pending	
iwslt24_train_quechua000460				pending	
iwslt24_train_quechua000461				pending	
iwslt24_train_quechua000462				pending	
iwslt24_train_quechua000463				pending	
iwslt24_train_quechua000464				pending	
iwslt24_train_quechua000465				pending	
iwslt24_train_quechua000466				pending	
iwslt24_train_quechua000467				pending	
iwslt24_train_quechua000468				pending	
iwslt24_train_quechua000469				pending	
iwslt24_train_quechua000470				pending	
iwslt24_train_quechua000471				pending	
iwslt24_train_quechua000472				pending	
iwslt24_train_quechua000473				pending	
iwslt24_train_quechua000474				pending	
iwslt24_train_quechua000475				pending	
iwslt24_train_quechua000476				pending	
iwslt24_train_quechua000477				pending	
iwslt24_train_quechua000478				pending	
iwslt24_train_quechua000479				pending	
iwslt24_train_quechua000480				pending	
iwslt24_train_quechua000481				pending	
iwslt24_train_quechua000482				pending	
iwslt24_train_quechua000483				pending	
iwslt24_train_quechua000484				pending	
iwslt24_train_quechua000485				pending	
iwslt24_train_quechua000486				pending	
iwslt24_train_quechua000487				pending	
iwslt24_train_quechua000488				pending	
iwslt24_train_quechua000489				pending	
iwslt24_train_quechua000490				pending	
iwslt24_train_quechua000491				pending	
iwslt24_train_quechua000492				pending	
iwslt24_train_quechua000493				pending	
iwslt24_train_quechua000494				pending	
iwslt24_train_quechua000495				pending	
iwslt24_train_quechua000496				pending	
iwslt24_train_quechua000497				pending	
iwslt24_train_quechua000498				pending	
iwslt24_train_quechua000499				pending	
iwslt24_train_quechua000500				pending	
iwslt24_train_quechua000501				pending	
iwslt24_train_quechua000502				pending	
iwslt24_train_quechua000503				pending	
iwslt24_train_quechua000504				pending	
iwslt24_train_quechua000505				pending	
iwslt24_train_quechua000506				pending	
iwslt24_train_quechua000507				pending	
iwslt24_train_quechua000508				pending	
iwslt24_train_quechua000509				pending	
iwslt24_train_quechua000510				pending	
iwslt24_train_quechua000511				pending	
iwslt24_train_quechua000512				pending	
iwslt24_train_quechua000513				pending	
iwslt24_train_quechua000514				pending	
iwslt24_train_quechua000515				pending	
iwslt24_train_quechua000516				pending	
iwslt24_train_quechua000517				pending	
iwslt24_train_quechua000518				pending	
iwslt24_train_quechua000519				pending	
iwslt24_train_quechua000520				pending	
iwslt24_train_quechua000521				pending	
iwslt24_train_quechua000522				pending	
iwslt24_train_quechua000523				pending	
iwslt24_train_quechua000524				pending	
iwslt24_train_quechua000525				pending	
iwslt24_train_quechua000526				pending	
iwslt24_train_quechua000527				pending	
iwslt24_train_quechua000528				pending	
iwslt24_train_quechua000529				pending	
iwslt24_train_quechua000530				pending	
iwslt24_train_quechua000531				pending	
iwslt24_train_quechua000532				pending	
iwslt24_train_quechua000533				pending	
iwslt24_train_quechua000534				pending	
iwslt24_train_quechua000535				pending	
iwslt24_train_quechua000536				pending	
iwslt24_train_quechua000537				pending	
iwslt24_train_quechua000538				pending	
iwslt24_train_quechua000539				pending	
iwslt24_train_quechua000540				pending	
iwslt24_train_quechua000541				pending	
iwslt24_train_quechua000542				pending	
iwslt24_train_quechua000543				pending	
iwslt24_train_quechua000544				pending	
iwslt24_train_quechua000545				pending	
iwslt24_train_quechua000546				pending	
iwslt24_train_quechua000547				pending	
iwslt24_train_quechua000548				pending	
iwslt24_train_quechua000549				pending	
iwslt24_train_quechua000550				pending	
iwslt24_train_quechua000551				pending	
iwslt24_train_quechua000552				pending	
iwslt24_train_quechua000553				pending	
iwslt24_train_quechua000554				pending	
iwslt24_train_quechua000555				pending	
iwslt24_train_quechua000556				pending	
iwslt24_train_quechua000557				pending	
iwslt24_train_quechua000558				pending	
iwslt24_train_quechua000559				pending	
iwslt24_train_quechua000560				pending	
iwslt24_train_quechua000561				pending	
iwslt24_train_quechua000562				pending	
iwslt24_train_quechua000563				pending	
iwslt24_train_quechua000564				pending	
iwslt24_train_quechua000565				pending	
iwslt24_train_quechua000566				pending	
iwslt24_train_quechua000567				pending	
iwslt24_train_quechua000568				pending	
iwslt24_train_quechua000569				pending	
iwslt24_train_quechua000570				pending	
iwslt24_train_quechua000571				pending	
iwslt24_train_quechua000572				pending	
iwslt24_valid_quechua000573				pending	
iwslt24_valid_quechua000574				pending	
iwslt24_valid_quechua000575				pending	
iwslt24_valid_quechua000576				pending	
iwslt24_valid_quechua000577				pending	
iwslt24_valid_quechua000578				pending	
iwslt24_valid_quechua000579				pending	
iwslt24_valid_quechua000580				pending	
iwslt24_valid_quechua000581				pending	
iwslt24_valid_quechua000582				pending	
iwslt24_valid_quechua000583				pending	
iwslt24_valid_quechua000584				pending	
iwslt24_valid_quechua000585				pending	
iwslt24_valid_quechua000586				pending	
iwslt24_valid_quechua000587				pending	
iwslt24_valid_quechua000588				pending	
iwslt24_valid_quechua000589				pending	
iwslt24_valid_quechua000590				pending	
iwslt24_valid_quechua000591				pending	
iwslt24_valid_quechua000592				pending	
iwslt24_valid_quechua000593				pending	
iwslt24_valid_quechua000594				pending	
iwslt24_valid_quechua000595				pending	
iwslt24_valid_quechua000596				pending	
iwslt24_valid_quechua000597				pending	
iwslt24_valid_quechua000598				pending	
iwslt24_valid_quechua000599				pending	
iwslt24_valid_quechua000600				pending	
iwslt24_valid_quechua000601				pending	
iwslt24_valid_quechua000602				pending	
iwslt24_valid_quechua000603				pending	
iwslt24_valid_quechua000604				pending	
iwslt24_valid_quechua000605				pending	
iwslt24_valid_quechua000606				pending	
iwslt24_valid_quechua000607				pending	
iwslt24_valid_quechua000608				pending	
iwslt24_valid_quechua000609				pending	
iwslt24_valid_quechua000610				pending	
iwslt24_valid_quechua000611				pending	
iwslt24_valid_quechua000612				pending	
iwslt24_valid_quechua000613				pending	
iwslt24_valid_quechua000614				pending	
iwslt24_valid_quechua000615				pending	
iwslt24_valid_quechua000616				pending	
iwslt24_valid_quechua000617				pending	
iwslt24_valid_quechua000618				pending	
iwslt24_valid_quechua000619				pending	
iwslt24_valid_quechua000620				pending	
iwslt24_valid_quechua000621				pending	
iwslt24_valid_quechua000622				pending	
iwslt24_valid_quechua000623				pending	
iwslt24_valid_quechua000624				pending	
iwslt24_valid_quechua000625				pending	
iwslt24_valid_quechua000626				pending	
iwslt24_valid_quechua000627				pending	
iwslt24_valid_quechua000628				pending	
iwslt24_valid_quechua000629				pending	
iwslt24_valid_quechua000630				pending	
iwslt24_valid_quechua000631				pending	
iwslt24_valid_quechua000632				pending	
iwslt24_valid_quechua000633				pending	
iwslt24_valid_quechua000634				pending	
iwslt24_valid_quechua000635				pending	
iwslt24_valid_quechua000636				pending	
iwslt24_valid_quechua000637				pending	
iwslt24_valid_quechua000638				pending	
iwslt24_valid_quechua000639				pending	
iwslt24_valid_quechua000640				pending	
iwslt24_valid_quechua000641				pending	
iwslt24_valid_quechua000642				pending	
iwslt24_valid_quechua000643				pending	
iwslt24_valid_quechua000644				pending	
iwslt24_valid_quechua000645				pending	
iwslt24_valid_quechua000646				pending	
iwslt24_valid_quechua000647				pending	
iwslt24_valid_quechua000648				pending	
iwslt24_valid_quechua000649				pending	
iwslt24_valid_quechua000650				pending	
iwslt24_valid_quechua000651				pending	
iwslt24_valid_quechua000652				pending	
iwslt24_valid_quechua000653				pending	
iwslt24_valid_quechua000654				pending	
iwslt24_valid_quechua000655				pending	
iwslt24_valid_quechua000656				pending	
iwslt24_valid_quechua000657				pending	
iwslt24_valid_quechua000658				pending	
iwslt24_valid_quechua000659				pending	
iwslt24_valid_quechua000660				pending	
iwslt24_valid_quechua000661				pending	
iwslt24_valid_quechua000662				pending	
iwslt24_valid_quechua000663				pending	
iwslt24_valid_quechua000664				pending	
iwslt24_valid_quechua000665				pending	
iwslt24_valid_quechua000666				pending	
iwslt24_valid_quechua000667				pending	
iwslt24_valid_quechua000668				pending	
iwslt24_valid_quechua000669				pending	
iwslt24_valid_quechua000670				pending	
iwslt24_valid_quechua000671				pending	
iwslt24_valid_quechua000672				pending	
iwslt24_valid_quechua000673				pending	
iwslt24_valid_quechua000674				pending	
iwslt24_valid_quechua000675				pending	
iwslt24_valid_quechua000676				pending	
iwslt24_valid_quechua000677				pending	
iwslt24_valid_quechua000678				pending	
iwslt24_valid_quechua000679				pending	
iwslt24_valid_quechua000680				pending	
iwslt24_valid_quechua000681				pending	
iwslt24_valid_quechua000682				pending	
iwslt24_valid_quechua000683				pending	
iwslt24_valid_quechua000684				pending	
iwslt24_valid_quechua000685				pending	
iwslt24_valid_quechua000686				pending	
iwslt24_valid_quechua000687				pending	
iwslt24_valid_quechua000688				pending	
iwslt24_valid_quechua000689				pending	
iwslt24_valid_quechua000690				pending	
iwslt24_valid_quechua000691				pending	
iwslt24_valid_quechua000692				pending	
iwslt24_valid_quechua000693				pending	
iwslt24_valid_quechua000694				pending	
iwslt24_valid_quechua000695				pending	
iwslt24_valid_quechua000696				pending	
iwslt24_valid_quechua000697				pending	
