approved,cultural_appropriateness,id,notes,reviewer_id,speech_intelligibility,translation_fidelity
no,,iwslt24_test_quechua000698,,,,
no,,iwslt24_test_quechua000699,,,,
no,,iwslt24_test_quechua000700,,,,
no,,iwslt24_test_quechua000701,,,,
no,,iwslt24_test_quechua000702,,,,
no,,iwslt24_test_quechua000703,,,,
no,,iwslt24_test_quechua000704,,,,
no,,iwslt24_test_quechua000705,,,,
no,,iwslt24_test_quechua000706,,,,
no,,iwslt24_test_quechua000707,,,,
no,,iwslt24_test_quechua000708,,,,
no,,iwslt24_test_quechua000709,,,,
no,,iwslt24_test_quechua000710,,,,
no,,iwslt24_test_quechua000711,,,,
no,,iwslt24_test_quechua000712,,,,
no,,iwslt24_test_quechua000713,,,,
no,,iwslt24_test_quechua000714,,,,
no,,iwslt24_test_quechua000715,,,,
no,,iwslt24_test_quechua000716,,,,
no,,iwslt24_test_quechua000717,,,,
no,,iwslt24_test_quechua000718,,,,
no,,iwslt24_test_quechua000719,,,,
no,,iwslt24_test_quechua000720,,,,
no,,iwslt24_test_quechua000721,,,,
no,,iwslt24_test_quechua000722,,,,
no,,iwslt24_test_quechua000723,,,,
no,,iwslt24_test_quechua000724,,,,
no,,iwslt24_test_quechua000725,,,,
no,,iwslt24_test_quechua000726,,,,
no,,iwslt24_test_quechua000727,,,,
no,,iwslt24_test_quechua000728,,,,
no,,iwslt24_test_quechua000729,,,,
no,,iwslt24_test_quechua000730,,,,
no,,iwslt24_test_quechua000731,,,,
no,,iwslt24_test_quechua000732,,,,
no,,iwslt24_test_quechua000733,,,,
no,,iwslt24_test_quechua000734,,,,
no,,iwslt24_test_quechua000735,,,,
no,,iwslt24_test_quechua000736,,,,
no,,iwslt24_test_quechua000737,,,,
no,,iwslt24_test_quechua000738,,,,
no,,iwslt24_test_quechua000739,,,,
no,,iwslt24_test_quechua000740,,,,
no,,iwslt24_test_quechua000741,,,,
no,,iwslt24_test_quechua000742,,,,
no,,iwslt24_test_quechua000743,,,,
no,,iwslt24_test_quechua000744,,,,
no,,iwslt24_test_quechua000745,,,,
no,,iwslt24_test_quechua000746,,,,
no,,iwslt24_test_quechua000747,,,,
no,,iwslt24_test_quechua000748,,,,
no,,iwslt24_test_quechua000749,,,,
no,,iwslt24_test_quechua000750,,,,
no,,iwslt24_test_quechua000751,,,,
no,,iwslt24_test_quechua000752,,,,
no,,iwslt24_test_quechua000753,,,,
no,,iwslt24_test_quechua000754,,,,
no,,iwslt24_test_quechua000755,,,,
no,,iwslt24_test_quechua000756,,,,
no,,iwslt24_test_quechua000757,,,,
no,,iwslt24_test_quechua000758,,,,
no,,iwslt24_test_quechua000759,,,,
no,,iwslt24_test_quechua000760,,,,
no,,iwslt24_test_quechua000761,,,,
no,,iwslt24_test_quechua000762,,,,
no,,iwslt24_test_quechua000763,,,,
no,,iwslt24_test_quechua000764,,,,
no,,iwslt24_test_quechua000765,,,,
no,,iwslt24_test_quechua000766,,,,
no,,iwslt24_test_quechua000767,,,,
no,,iwslt24_test_quechua000768,,,,
no,,iwslt24_test_quechua000769,,,,
no,,iwslt24_test_quechua000770,,,,
no,,iwslt24_test_quechua000771,,,,
no,,iwslt24_test_quechua000772,,,,
no,,iwslt24_test_quechua000773,,,,
no,,iwslt24_test_quechua000774,,,,
no,,iwslt24_test_quechua000775,,,,
no,,iwslt24_test_quechua000776,,,,
no,,iwslt24_test_quechua000777,,,,
no,,iwslt24_test_quechua000778,,,,
no,,iwslt24_test_quechua000779,,,,
no,,iwslt24_test_quechua000780,,,,
no,,iwslt24_test_quechua000781,,,,
no,,iwslt24_test_quechua000782,,,,
no,,iwslt24_test_quechua000783,,,,
no,,iwslt24_test_quechua000784,,,,
no,,iwslt24_test_quechua000785,,,,
no,,iwslt24_test_quechua000786,,,,
no,,iwslt24_test_quechua000787,,,,
no,,iwslt24_test_quechua000788,,,,
no,,iwslt24_test_quechua000789,,,,
no,,iwslt24_test_quechua000790,,,,
no,,iwslt24_test_quechua000791,,,,
no,,iwslt24_test_quechua000792,,,,
no,,iwslt24_test_quechua000793,,,,
no,,iwslt24_test_quechua000794,,,,
no,,iwslt24_test_quechua000795,,,,
no,,iwslt24_test_quechua000796,,,,
no,,iwslt24_test_quechua000797,,,,
no,,iwslt24_test_quechua000798,,,,
no,,iwslt24_test_quechua000799,,,,
no,,iwslt24_test_quechua000800,,,,
no,,iwslt24_test_quechua000801,,,,
no,,iwslt24_test_quechua000802,,,,
no,,iwslt24_test_quechua000803,,,,
no,,iwslt24_test_quechua000804,,,,
no,,iwslt24_test_quechua000805,,,,
no,,iwslt24_test_quechua000806,,,,
no,,iwslt24_test_quechua000807,,,,
no,,iwslt24_test_quechua000808,,,,
no,,iwslt24_test_quechua000809,,,,
no,,iwslt24_test_quechua000810,,,,
no,,iwslt24_test_quechua000811,,,,
no,,iwslt24_test_quechua000812,,,,
no,,iwslt24_test_quechua000813,,,,
no,,iwslt24_test_quechua000814,,,,
no,,iwslt24_test_quechua000815,,,,
no,,iwslt24_test_quechua000816,,,,
no,,iwslt24_test_quechua000817,,,,
no,,iwslt24_test_quechua000818,,,,
no,,iwslt24_test_quechua000819,,,,
no,,iwslt24_test_quechua000820,,,,
no,,iwslt24_test_quechua000821,,,,
no,,iwslt24_test_quechua000822,,,,
no,,iwslt24_train_quechua000000,,,,
no,,iwslt24_train_quechua000001,,,,
no,,iwslt24_train_quechua000002,,,,
no,,iwslt24_train_quechua000003,,,,
no,,iwslt24_train_quechua000004,,,,
no,,iwslt24_train_quechua000005,,,,
no,,iwslt24_train_quechua000006,,,,
no,,iwslt24_train_quechua000007,,,,
no,,iwslt24_train_quechua000008,,,,
no,,iwslt24_train_quechua000009,,,,
no,,iwslt24_train_quechua000010,,,,
no,,iwslt24_train_quechua000011,,,,
no,,iwslt24_train_quechua000012,,,,
no,,iwslt24_train_quechua000013,,,,
no,,iwslt24_train_quechua000014,,,,
no,,iwslt24_train_quechua000015,,,,
no,,iwslt24_train_quechua000016,,,,
no,,iwslt24_train_quechua000017,,,,
no,,iwslt24_train_quechua000018,,,,
no,,iwslt24_train_quechua000019,,,,
no,,iwslt24_train_quechua000020,,,,
no,,iwslt24_train_quechua000021,,,,
no,,iwslt24_train_quechua000022,,,,
no,,iwslt24_train_quechua000023,,,,
no,,iwslt24_train_quechua000024,,,,
no,,iwslt24_train_quechua000025,,,,
no,,iwslt24_train_quechua000026,,,,
no,,iwslt24_train_quechua000027,,,,
no,,iwslt24_train_quechua000028,,,,
no,,iwslt24_train_quechua000029,,,,
no,,iwslt24_train_quechua000030,,,,
no,,iwslt24_train_quechua000031,,,,
no,,iwslt24_train_quechua000032,,,,
no,,iwslt24_train_quechua000033,,,,
no,,iwslt24_train_quechua000034,,,,
no,,iwslt24_train_quechua000035,,,,
no,,iwslt24_train_quechua000036,,,,
no,,iwslt24_train_quechua000037,,,,
no,,iwslt24_train_quechua000038,,,,
no,,iwslt24_train_quechua000039,,,,
no,,iwslt24_train_quechua000040,,,,
no,,iwslt24_train_quechua000041,,,,
no,,iwslt24_train_quechua000042,,,,
no,,iwslt24_train_quechua000043,,,,
no,,iwslt24_train_quechua000044,,,,
no,,iwslt24_train_quechua000045,,,,
no,,iwslt24_train_quechua000046,,,,
no,,iwslt24_train_quechua000047,,,,
no,,iwslt24_train_quechua000048,,,,
no,,iwslt24_train_quechua000049,,,,
no,,iwslt24_train_quechua000050,,,,
no,,iwslt24_train_quechua000051,,,,
no,,iwslt24_train_quechua000052,,,,
no,,iwslt24_train_quechua000053,,,,
no,,iwslt24_train_quechua000054,,,,
no,,iwslt24_train_quechua000055,,,,
no,,iwslt24_train_quechua000056,,,,
no,,iwslt24_train_quechua000057,,,,
no,,iwslt24_train_quechua000058,,,,
no,,iwslt24_train_quechua000059,,,,
no,,iwslt24_train_quechua000060,,,,
no,,iwslt24_train_quechua000061,,,,
no,,iwslt24_train_quechua000062,,,,
no,,iwslt24_train_quechua000063,,,,
no,,iwslt24_train_quechua000064,,,,
no,,iwslt24_train_quechua000065,,,,
no,,iwslt24_train_quechua000066,,,,
no,,iwslt24_train_quechua000067,,,,
no,,iwslt24_train_quechua000068,,,,
no,,iwslt24_train_quechua000069,,,,
no,,iwslt24_train_quechua000070,,,,
no,,iwslt24_train_quechua000071,,,,
no,,iwslt24_train_quechua000072,,,,
no,,iwslt24_train_quechua000073,,,,
no,,iwslt24_train_quechua000074,,,,
no,,iwslt24_train_quechua000075,,,,
no,,iwslt24_train_quechua000076,,,,
no,,iwslt24_train_quechua000077,,,,
no,,iwslt24_train_quechua000078,,,,
no,,iwslt24_train_quechua000079,,,,
no,,iwslt24_train_quechua000080,,,,
no,,iwslt24_train_quechua000081,,,,
no,,iwslt24_train_quechua000082,,,,
no,,iwslt24_train_quechua000083,,,,
no,,iwslt24_train_quechua000084,,,,
no,,iwslt24_train_quechua000085,,,,
no,,iwslt24_train_quechua000086,,,,
no,,iwslt24_train_quechua000087,,,,
no,,iwslt24_train_quechua000088,,,,
no,,iwslt24_train_quechua000089,,,,
no,,iwslt24_train_quechua000090,,,,
no,,iwslt24_train_quechua000091,,,,
no,,iwslt24_train_quechua000092,,,,
no,,iwslt24_train_quechua000093,,,,
no,,iwslt24_train_quechua000094,,,,
no,,iwslt24_train_quechua000095,,,,
no,,iwslt24_train_quechua000096,,,,
no,,iwslt24_train_quechua000097,,,,
no,,iwslt24_train_quechua000098,,,,
no,,iwslt24_train_quechua000099,,,,
no,,iwslt24_train_quechua000100,,,,
no,,iwslt24_train_quechua000101,,,,
no,,iwslt24_train_quechua000102,,,,
no,,iwslt24_train_quechua000103,,,,
no,,iwslt24_train_quechua000104,,,,
no,,iwslt24_train_quechua000105,,,,
no,,iwslt24_train_quechua000106,,,,
no,,iwslt24_train_quechua000107,,,,
no,,iwslt24_train_quechua000108,,,,
no,,iwslt24_train_quechua000109,,,,
no,,iwslt24_train_quechua000110,,,,
no,,iwslt24_train_quechua000111,,,,
no,,iwslt24_train_quechua000112,,,,
no,,iwslt24_train_quechua000113,,,,
no,,iwslt24_train_quechua000114,,,,
no,,iwslt24_train_quechua000115,,,,
no,,iwslt24_train_quechua000116,,,,
no,,iwslt24_train_quechua000117,,,,
no,,iwslt24_train_quechua000118,,,,
no,,iwslt24_train_quechua000119,,,,
no,,iwslt24_train_quechua000120,,,,
no,,iwslt24_train_quechua000121,,,,
no,,iwslt24_train_quechua000122,,,,
no,,iwslt24_train_quechua000123,,,,
no,,iwslt24_train_quechua000124,,,,
no,,iwslt24_train_quechua000125,,,,
no,,iwslt24_train_quechua000126,,,,
no,,iwslt24_train_quechua000127,,,,
no,,iwslt24_train_quechua000128,,,,
no,,iwslt24_train_quechua000129,,,,
no,,iwslt24_train_quechua000130,,,,
no,,iwslt24_train_quechua000131,,,,
no,,iwslt24_train_quechua000132,,,,
no,,iwslt24_train_quechua000133,,,,
no,,iwslt24_train_quechua000134,,,,
no,,iwslt24_train_quechua000135,,,,
no,,iwslt24_train_quechua000136,,,,
no,,iwslt24_train_quechua000137,,,,
no,,iwslt24_train_quechua000138,,,,
no,,iwslt24_train_quechua000139,,,,
no,,iwslt24_train_quechua000140,,,,
no,,iwslt24_train_quechua000141,,,,
no,,iwslt24_train_quechua000142,,,,
no,,iwslt24_train_quechua000143,,,,
no,,iwslt24_train_quechua000144,,,,
no,,iwslt24_train_quechua000145,,,,
no,,iwslt24_train_quechua000146,,,,
no,,iwslt24_train_quechua000147,,,,
no,,iwslt24_train_quechua000148,,,,
no,,iwslt24_train_quechua000149,,,,
no,,iwslt24_train_quechua000150,,,,
no,,iwslt24_train_quechua000151,,,,
no,,iwslt24_train_quechua000152,,,,
no,,iwslt24_train_quechua000153,,,,
no,,iwslt24_train_quechua000154,,,,
no,,iwslt24_train_quechua000155,,,,
no,,iwslt24_train_quechua000156,,,,
no,,iwslt24_train_quechua000157,,,,
no,,iwslt24_train_quechua000158,,,,
no,,iwslt24_train_quechua000159,,,,
no,,iwslt24_train_quechua000160,,,,
no,,iwslt24_train_quechua000161,,,,
no,,iwslt24_train_quechua000162,,,,
no,,iwslt24_train_quechua000163,,,,
no,,iwslt24_train_quechua000164,,,,
no,,iwslt24_train_quechua000165,,,,
no,,iwslt24_train_quechua000166,,,,
no,,iwslt24_train_quechua000167,,,,
no,,iwslt24_train_quechua000168,,,,
no,,iwslt24_train_quechua000169,,,,
no,,iwslt24_train_quechua000170,,,,
no,,iwslt24_train_quechua000171,,,,
no,,iwslt24_train_quechua000172,,,,
no,,iwslt24_train_quechua000173,,,,
no,,iwslt24_train_quechua000174,,,,
no,,iwslt24_train_quechua000175,,,,
no,,iwslt24_train_quechua000176,,,,
no,,iwslt24_train_quechua000177,,,,
no,,iwslt24_train_quechua000178,,,,
no,,iwslt24_train_quechua000179,,,,
no,,iwslt24_train_quechua000180,,,,
no,,iwslt24_train_quechua000181,,,,
no,,iwslt24_train_quechua000182,,,,
no,,iwslt24_train_quechua000183,,,,
no,,iwslt24_train_quechua000184,,,,
no,,iwslt24_train_quechua000185,,,,
no,,iwslt24_train_quechua000186,,,,
no,,iwslt24_train_quechua000187,,,,
no,,iwslt24_train_quechua000188,,,,
no,,iwslt24_train_quechua000189,,,,
no,,iwslt24_train_quechua000190,,,,
no,,iwslt24_train_quechua000191,,,,
no,,iwslt24_train_quechua000192,,,,
no,,iwslt24_train_quechua000193,,,,
no,,iwslt24_train_quechua000194,,,,
no,,iwslt24_train_quechua000195,,,,
no,,iwslt24_train_quechua000196,,,,
no,,iwslt24_train_quechua000197,,,,
no,,iwslt24_train_quechua000198,,,,
no,,iwslt24_train_quechua000199,,,,
no,,iwslt24_train_quechua000200,,,,
no,,iwslt24_train_quechua000201,,,,
no,,iwslt24_train_quechua000202,,,,
no,,iwslt24_train_quechua000203,,,,
no,,iwslt24_train_quechua000204,,,,
no,,iwslt24_train_quechua000205,,,,
no,,iwslt24_train_quechua000206,,,,
no,,iwslt24_train_quechua000207,,,,
no,,iwslt24_train_quechua000208,,,,
no,,iwslt24_train_quechua000209,,,,
no,,iwslt24_train_quechua000210,,,,
no,,iwslt24_train_quechua000211,,,,
no,,iwslt24_train_quechua000212,,,,
no,,iwslt24_train_quechua000213,,,,
no,,iwslt24_train_quechua000214,,,,
no,,iwslt24_train_quechua000215,,,,
no,,iwslt24_train_quechua000216,,,,
no,,iwslt24_train_quechua000217,,,,
no,,iwslt24_train_quechua000218,,,,
no,,iwslt24_train_quechua000219,,,,
no,,iwslt24_train_quechua000220,,,,
no,,iwslt24_train_quechua000221,,,,
no,,iwslt24_train_quechua000222,,,,
no,,iwslt24_train_quechua000223,,,,
no,,iwslt24_train_quechua000224,,,,
no,,iwslt24_train_quechua000225,,,,
no,,iwslt24_train_quechua000226,,,,
no,,iwslt24_train_quechua000227,,,,
no,,iwslt24_train_quechua000228,,,,
no,,iwslt24_train_quechua000229,,,,
no,,iwslt24_train_quechua000230,,,,
no,,iwslt24_train_quechua000231,,,,
no,,iwslt24_train_quechua000232,,,,
no,,iwslt24_train_quechua000233,,,,
no,,iwslt24_train_quechua000234,,,,
no,,iwslt24_train_quechua000235,,,,
no,,iwslt24_train_quechua000236,,,,
no,,iwslt24_train_quechua000237,,,,
no,,iwslt24_train_quechua000238,,,,
no,,iwslt24_train_quechua000239,,,,
no,,iwslt24_train_quechua000240,,,,
no,,iwslt24_train_quechua000241,,,,
no,,iwslt24_train_quechua000242,,,,
no,,iwslt24_train_quechua000243,,,,
no,,iwslt24_train_quechua000244,,,,
no,,iwslt24_train_quechua000245,,,,
no,,iwslt24_train_quechua000246,,,,
no,,iwslt24_train_quechua000247,,,,
no,,iwslt24_train_quechua000248,,,,
no,,iwslt24_train_quechua000249,,,,
no,,iwslt24_train_quechua000250,,,,
no,,iwslt24_train_quechua000251,,,,
no,,iwslt24_train_quechua000252,,,,
no,,iwslt24_train_quechua000253,,,,
no,,iwslt24_train_quechua000254,,,,
no,,iwslt24_train_quechua000255,,,,
no,,iwslt24_train_quechua000256,,,,
no,,iwslt24_train_quechua000257,,,,
no,,iwslt24_train_quechua000258,,,,
no,,iwslt24_train_quechua000259,,,,
no,,iwslt24_train_quechua000260,,,,
no,,iwslt24_train_quechua000261,,,,
no,,iwslt24_train_quechua000262,,,,
no,,iwslt24_train_quechua000263,,,,
no,,iwslt24_train_quechua000264,,,,
no,,iwslt24_train_quechua000265,,,,
no,,iwslt24_train_quechua000266,,,,
no,,iwslt24_train_quechua000267,,,,
no,,iwslt24_train_quechua000268,,,,
no,,iwslt24_train_quechua000269,,,,
no,,iwslt24_train_quechua000270,,,,
no,,iwslt24_train_quechua000271,,,,
no,,iwslt24_train_quechua000272,,,,
no,,iwslt24_train_quechua000273,,,,
no,,iwslt24_train_quechua000274,,,,
no,,iwslt24_train_quechua000275,,,,
no,,iwslt24_train_quechua000276,,,,
no,,iwslt24_train_quechua000277,,,,
no,,iwslt24_train_quechua000278,,,,
no,,iwslt24_train_quechua000279,,,,
no,,iwslt24_train_quechua000280,,,,
no,,iwslt24_train_quechua000281,,,,
no,,iwslt24_train_quechua000282,,,,
no,,iwslt24_train_quechua000283,,,,
no,,iwslt24_train_quechua000284,,,,
no,,iwslt24_train_quechua000285,,,,
no,,iwslt24_train_quechua000286,,,,
no,,iwslt24_train_quechua000287,,,,
no,,iwslt24_train_quechua000288,,,,
no,,iwslt24_train_quechua000289,,,,
no,,iwslt24_train_quechua000290,,,,
no,,iwslt24_train_quechua000291,,,,
no,,iwslt24_train_quechua000292,,,,
no,,iwslt24_train_quechua000293,,,,
no,,iwslt24_train_quechua000294,,,,
no,,iwslt24_train_quechua000295,,,,
no,,iwslt24_train_quechua000296,,,,
no,,iwslt24_train_quechua000297,,,,
no,,iwslt24_train_quechua000298,,,,
no,,iwslt24_train_quechua000299,,,,
no,,iwslt24_train_quechua000300,,,,
no,,iwslt24_train_quechua000301,,,,
no,,iwslt24_train_quechua000302,,,,
no,,iwslt24_train_quechua000303,,,,
no,,iwslt24_train_quechua000304,,,,
no,,iwslt24_train_quechua000305,,,,
no,,iwslt24_train_quechua000306,,,,
no,,iwslt24_train_quechua000307,,,,
no,,iwslt24_train_quechua000308,,,,
no,,iwslt24_train_quechua000309,,,,
no,,iwslt24_train_quechua000310,,,,
no,,iwslt24_train_quechua000311,,,,
no,,iwslt24_train_quechua000312,,,,
no,,iwslt24_train_quechua000313,,,,
no,,iwslt24_train_quechua000314,,,,
no,,iwslt24_train_quechua000315,,,,
no,,iwslt24_train_quechua000316,,,,
no,,iwslt24_train_quechua000317,,,,
no,,iwslt24_train_quechua000318,,,,
no,,iwslt24_train_quechua000319,,,,
no,,iwslt24_train_quechua000320,,,,
no,,iwslt24_train_quechua000321,,,,
no,,iwslt24_train_quechua000322,,,,
no,,iwslt24_train_quechua000323,,,,
no,,iwslt24_train_quechua000324,,,,
no,,iwslt24_train_quechua000325,,,,
no,,iwslt24_train_quechua000326,,,,
no,,iwslt24_train_quechua000327,,,,
no,,iwslt24_train_quechua000328,,,,
no,,iwslt24_train_quechua000329,,,,
no,,iwslt24_train_quechua000330,,,,
no,,iwslt24_train_quechua000331,,,,
no,,iwslt24_train_quechua000332,,,,
no,,iwslt24_train_quechua000333,,,,
no,,iwslt24_train_quechua000334,,,,
no,,iwslt24_train_quechua000335,,,,
no,,iwslt24_train_quechua000336,,,,
no,,iwslt24_train_quechua000337,,,,
no,,iwslt24_train_quechua000338,,,,
no,,iwslt24_train_quechua000339,,,,
no,,iwslt24_train_quechua000340,,,,
no,,iwslt24_train_quechua000341,,,,
no,,iwslt24_train_quechua000342,,,,
no,,iwslt24_train_quechua000343,,,,
no,,iwslt24_train_quechua000344,,,,
no,,iwslt24_train_quechua000345,,,,
no,,iwslt24_train_quechua000346,,,,
no,,iwslt24_train_quechua000347,,,,
no,,iwslt24_train_quechua000348,,,,
no,,iwslt24_train_quechua000349,,,,
no,,iwslt24_train_quechua000350,,,,
no,,iwslt24_train_quechua000351,,,,
no,,iwslt24_train_quechua000352,,,,
no,,iwslt24_train_quechua000353,,,,
no,,iwslt24_train_quechua000354,,,,
no,,iwslt24_train_quechua000355,,,,
no,,iwslt24_train_quechua000356,,,,
no,,iwslt24_train_quechua000357,,,,
no,,iwslt24_train_quechua000358,,,,
no,,iwslt24_train_quechua000359,,,,
no,,iwslt24_train_quechua000360,,,,
no,,iwslt24_train_quechua000361,,,,
no,,iwslt24_train_quechua000362,,,,
no,,iwslt24_train_quechua000363,,,,
no,,iwslt24_train_quechua000364,,,,
no,,iwslt24_train_quechua000365,,,,
no,,iwslt24_train_quechua000366,,,,
no,,iwslt24_train_quechua000367,,,,
no,,iwslt24_train_quechua000368,,,,
no,,iwslt24_train_quechua000369,,,,
no,,iwslt24_train_quechua000370,,,,
no,,iwslt24_train_quechua000371,,,,
no,,iwslt24_train_quechua000372,,,,
no,,iwslt24_train_quechua000373,,,,
no,,iwslt24_train_quechua000374,,,,
no,,iwslt24_train_quechua000375,,,,
no,,iwslt24_train_quechua000376,,,,
no,,iwslt24_train_quechua000377,,,,
no,,iwslt24_train_quechua000378,,,,
no,,iwslt24_train_quechua000379,,,,
no,,iwslt24_train_quechua000380,,,,
no,,iwslt24_train_quechua000381,,,,
no,,iwslt24_train_quechua000382,,,,
no,,iwslt24_train_quechua000383,,,,
no,,iwslt24_train_quechua000384,,,,
no,,iwslt24_train_quechua000385,,,,
no,,iwslt24_train_quechua000386,,,,
no,,iwslt24_train_quechua000387,,,,
no,,iwslt24_train_quechua000388,,,,
no,,iwslt24_train_quechua000389,,,,
no,,iwslt24_train_quechua000390,,,,
no,,iwslt24_train_quechua000391,,,,
no,,iwslt24_train_quechua000392,,,,
no,,iwslt24_train_quechua000393,,,,
no,,iwslt24_train_quechua000394,,,,
no,,iwslt24_train_quechua000395,,,,
no,,iwslt24_train_quechua000396,,,,
no,,iwslt24_train_quechua000397,,,,
no,,iwslt24_train_quechua000398,,,,
no,,iwslt24_train_quechua000399,,,,
no,,iwslt24_train_quechua000400,,,,
no,,iwslt24_train_quechua000401,,,,
no,,iwslt24_train_quechua000402,,,,
no,,iwslt24_train_quechua000403,,,,
no,,iwslt24_train_quechua000404,,,,
no,,iwslt24_train_quechua000405,,,,
no,,iwslt24_train_quechua000406,,,,
no,,iwslt24_train_quechua000407,,,,
no,,iwslt24_train_quechua000408,,,,
no,,iwslt24_train_quechua000409,,,,
no,,iwslt24_train_quechua000410,,,,
no,,iwslt24_train_quechua000411,,,,
no,,iwslt24_train_quechua000412,,,,
no,,iwslt24_train_quechua000413,,,,
no,,iwslt24_train_quechua000414,,,,
no,,iwslt24_train_quechua000415,,,,
no,,iwslt24_train_quechua000416,,,,
no,,iwslt24_train_quechua000417,,,,
no,,iwslt24_train_quechua000418,,,,
no,,iwslt24_train_quechua000419,,,,
no,,iwslt24_train_quechua000420,,,,
no,,iwslt24_train_quechua000421,,,,
no,,iwslt24_train_quechua000422,,,,
no,,iwslt24_train_quechua000423,,,,
no,,iwslt24_train_quechua000424,,,,
no,,iwslt24_train_quechua000425,,,,
no,,iwslt24_train_quechua000426,,,,
no,,iwslt24_train_quechua000427,,,,
no,,iwslt24_train_quechua000428,,,,
no,,iwslt24_train_quechua000429,,,,
no,,iwslt24_train_quechua000430,,,,
no,,iwslt24_train_quechua000431,,,,
no,,iwslt24_train_quechua000432,,,,
no,,iwslt24_train_quechua000433,,,,
no,,iwslt24_train_quechua000434,,,,
no,,iwslt24_train_quechua000435,,,,
no,,iwslt24_train_quechua000436,,,,
no,,iwslt24_train_quechua000437,,,,
no,,iwslt24_train_quechua000438,,,,
no,,iwslt24_train_quechua000439,,,,
no,,iwslt24_train_quechua000440,,,,
no,,iwslt24_train_quechua000441,,,,
no,,iwslt24_train_quechua000442,,,,
no,,iwslt24_train_quechua000443,,,,
no,,iwslt24_train_quechua000444,,,,
no,,iwslt24_train_quechua000445,,,,
no,,iwslt24_train_quechua000446,,,,
no,,iwslt24_train_quechua000447,,,,
no,,iwslt24_train_quechua000448,,,,
no,,iwslt24_train_quechua000449,,,,
no,,iwslt24_train_quechua000450,,,,
no,,iwslt24_train_quechua000451,,,,
no,,iwslt24_train_quechua000452,,,,
no,,iwslt24_train_quechua000453,,,,
no,,iwslt24_train_quechua000454,,,,
no,,iwslt24_train_quechua000455,,,,
no,,iwslt24_train_quechua000456,,,,
no,,iwslt24_train_quechua000457,,,,
no,,iwslt24_train_quechua000458,,,,
no,,iwslt24_train_quechua000459,,,,
no,,iwslt24_train_quechua000460,,,,
no,,iwslt24_train_quechua000461,,,,
no,,iwslt24_train_quechua000462,,,,
no,,iwslt24_train_quechua000463,,,,
no,,iwslt24_train_quechua000464,,,,
no,,iwslt24_train_quechua000465,,,,
no,,iwslt24_train_quechua000466,,,,
no,,iwslt24_train_quechua000467,,,,
no,,iwslt24_train_quechua000468,,,,
no,,iwslt24_train_quechua000469,,,,
no,,iwslt24_train_quechua000470,,,,
no,,iwslt24_train_quechua000471,,,,
no,,iwslt24_train_quechua000472,,,,
no,,iwslt24_train_quechua000473,,,,
no,,iwslt24_train_quechua000474,,,,
no,,iwslt24_train_quechua000475,,,,
no,,iwslt24_train_quechua000476,,,,
no,,iwslt24_train_quechua000477,,,,
no,,iwslt24_train_quechua000478,,,,
no,,iwslt24_train_quechua000479,,,,
no,,iwslt24_train_quechua000480,,,,
no,,iwslt24_train_quechua000481,,,,
no,,iwslt24_train_quechua000482,,,,
no,,iwslt24_train_quechua000483,,,,
no,,iwslt24_train_quechua000484,,,,
no,,iwslt24_train_quechua000485,,,,
no,,iwslt24_train_quechua000486,,,,
no,,iwslt24_train_quechua000487,,,,
no,,iwslt24_train_quechua000488,,,,
no,,iwslt24_train_quechua000489,,,,
no,,iwslt24_train_quechua000490,,,,
no,,iwslt24_train_quechua000491,,,,
no,,iwslt24_train_quechua000492,,,,
no,,iwslt24_train_quechua000493,,,,
no,,iwslt24_train_quechua000494,,,,
no,,iwslt24_train_quechua000495,,,,
no,,iwslt24_train_quechua000496,,,,
no,,iwslt24_train_quechua000497,,,,
no,,iwslt24_train_quechua000498,,,,
no,,iwslt24_train_quechua000499,,,,
no,,iwslt24_train_quechua000500,,,,
no,,iwslt24_train_quechua000501,,,,
no,,iwslt24_train_quechua000502,,,,
no,,iwslt24_train_quechua000503,,,,
no,,iwslt24_train_quechua000504,,,,
no,,iwslt24_train_quechua000505,,,,
no,,iwslt24_train_quechua000506,,,,
no,,iwslt24_train_quechua000507,,,,
no,,iwslt24_train_quechua000508,,,,
no,,iwslt24_train_quechua000509,,,,
no,,iwslt24_train_quechua000510,,,,
no,,iwslt24_train_quechua000511,,,,
no,,iwslt24_train_quechua000512,,,,
no,,iwslt24_train_quechua000513,,,,
no,,iwslt24_train_quechua000514,,,,
no,,iwslt24_train_quechua000515,,,,
no,,iwslt24_train_quechua000516,,,,
no,,iwslt24_train_quechua000517,,,,
no,,iwslt24_train_quechua000518,,,,
no,,iwslt24_train_quechua000519,,,,
no,,iwslt24_train_quechua000520,,,,
no,,iwslt24_train_quechua000521,,,,
no,,iwslt24_train_quechua000522,,,,
no,,iwslt24_train_quechua000523,,,,
no,,iwslt24_train_quechua000524,,,,
no,,iwslt24_train_quechua000525,,,,
no,,iwslt24_train_quechua000526,,,,
no,,iwslt24_train_quechua000527,,,,
no,,iwslt24_train_quechua000528,,,,
no,,iwslt24_train_quechua000529,,,,
no,,iwslt24_train_quechua000530,,,,
no,,iwslt24_train_quechua000531,,,,
no,,iwslt24_train_quechua000532,,,,
no,,iwslt24_train_quechua000533,,,,
no,,iwslt24_train_quechua000534,,,,
no,,iwslt24_train_quechua000535,,,,
no,,iwslt24_train_quechua000536,,,,
no,,iwslt24_train_quechua000537,,,,
no,,iwslt24_train_quechua000538,,,,
no,,iwslt24_train_quechua000539,,,,
no,,iwslt24_train_quechua000540,,,,
no,,iwslt24_train_quechua000541,,,,
no,,iwslt24_train_quechua000542,,,,
no,,iwslt24_train_quechua000543,,,,
no,,iwslt24_train_quechua000544,,,,
no,,iwslt24_train_quechua000545,,,,
no,,iwslt24_train_quechua000546,,,,
no,,iwslt24_train_quechua000547,,,,
no,,iwslt24_train_quechua000548,,,,
no,,iwslt24_train_quechua000549,,,,
no,,iwslt24_train_quechua000550,,,,
no,,iwslt24_train_quechua000551,,,,
no,,iwslt24_train_quechua000552,,,,
no,,iwslt24_train_quechua000553,,,,
no,,iwslt24_train_quechua000554,,,,
no,,iwslt24_train_quechua000555,,,,
no,,iwslt24_train_quechua000556,,,,
no,,iwslt24_train_quechua000557,,,,
no,,iwslt24_train_quechua000558,,,,
no,,iwslt24_train_quechua000559,,,,
no,,iwslt24_train_quechua000560,,,,
no,,iwslt24_train_quechua000561,,,,
no,,iwslt24_train_quechua000562,,,,
no,,iwslt24_train_quechua000563,,,,
no,,iwslt24_train_quechua000564,,,,
no,,iwslt24_train_quechua000565,,,,
no,,iwslt24_train_quechua000566,,,,
no,,iwslt24_train_quechua000567,,,,
no,,iwslt24_train_quechua000568,,,,
no,,iwslt24_train_quechua000569,,,,
no,,iwslt24_train_quechua000570,,,,
no,,iwslt24_train_quechua000571,,,,
no,,iwslt24_train_quechua000572,,,,
no,,iwslt24_valid_quechua000573,,,,
no,,iwslt24_valid_quechua000574,,,,
no,,iwslt24_valid_quechua000575,,,,
no,,iwslt24_valid_quechua000576,,,,
no,,iwslt24_valid_quechua000577,,,,
no,,iwslt24_valid_quechua000578,,,,
no,,iwslt24_valid_quechua000579,,,,
no,,iwslt24_valid_quechua000580,,,,
no,,iwslt24_valid_quechua000581,,,,
no,,iwslt24_valid_quechua000582,,,,
no,,iwslt24_valid_quechua000583,,,,
no,,iwslt24_valid_quechua000584,,,,
no,,iwslt24_valid_quechua000585,,,,
no,,iwslt24_valid_quechua000586,,,,
no,,iwslt24_valid_quechua000587,,,,
no,,iwslt24_valid_quechua000588,,,,
no,,iwslt24_valid_quechua000589,,,,
no,,iwslt24_valid_quechua000590,,,,
no,,iwslt24_valid_quechua000591,,,,
no,,iwslt24_valid_quechua000592,,,,
no,,iwslt24_valid_quechua000593,,,,
no,,iwslt24_valid_quechua000594,,,,
no,,iwslt24_valid_quechua000595,,,,
no,,iwslt24_valid_quechua000596,,,,
no,,iwslt24_valid_quechua000597,,,,
no,,iwslt24_valid_quechua000598,,,,
no,,iwslt24_valid_quechua000599,,,,
no,,iwslt24_valid_quechua000600,,,,
no,,iwslt24_valid_quechua000601,,,,
no,,iwslt24_valid_quechua000602,,,,
no,,iwslt24_valid_quechua000603,,,,
no,,iwslt24_valid_quechua000604,,,,
no,,iwslt24_valid_quechua000605,,,,
no,,iwslt24_valid_quechua000606,,,,
no,,iwslt24_valid_quechua000607,,,,
no,,iwslt24_valid_quechua000608,,,,
no,,iwslt24_valid_quechua000609,,,,
no,,iwslt24_valid_quechua000610,,,,
no,,iwslt24_valid_quechua000611,,,,
no,,iwslt24_valid_quechua000612,,,,
no,,iwslt24_valid_quechua000613,,,,
no,,iwslt24_valid_quechua000614,,,,
no,,iwslt24_valid_quechua000615,,,,
no,,iwslt24_valid_quechua000616,,,,
no,,iwslt24_valid_quechua000617,,,,
no,,iwslt24_valid_quechua000618,,,,
no,,iwslt24_valid_quechua000619,,,,
no,,iwslt24_valid_quechua000620,,,,
no,,iwslt24_valid_quechua000621,,,,
no,,iwslt24_valid_quechua000622,,,,
no,,iwslt24_valid_quechua000623,,,,
no,,iwslt24_valid_quechua000624,,,,
no,,iwslt24_valid_quechua000625,,,,
no,,iwslt24_valid_quechua000626,,,,
no,,iwslt24_valid_quechua000627,,,,
no,,iwslt24_valid_quechua000628,,,,
no,,iwslt24_valid_quechua000629,,,,
no,,iwslt24_valid_quechua000630,,,,
no,,iwslt24_valid_quechua000631,,,,
no,,iwslt24_valid_quechua000632,,,,
no,,iwslt24_valid_quechua000633,,,,
no,,iwslt24_valid_quechua000634,,,,
no,,iwslt24_valid_quechua000635,,,,
no,,iwslt24_valid_quechua000636,,,,
no,,iwslt24_valid_quechua000637,,,,
no,,iwslt24_valid_quechua000638,,,,
no,,iwslt24_valid_quechua000639,,,,
no,,iwslt24_valid_quechua000640,,,,
no,,iwslt24_valid_quechua000641,,,,
no,,iwslt24_valid_quechua000642,,,,
no,,iwslt24_valid_quechua000643,,,,
no,,iwslt24_valid_quechua000644,,,,
no,,iwslt24_valid_quechua000645,,,,
no,,iwslt24_valid_quechua000646,,,,
no,,iwslt24_valid_quechua000647,,,,
no,,iwslt24_valid_quechua000648,,,,
no,,iwslt24_valid_quechua000649,,,,
no,,iwslt24_valid_quechua000650,,,,
no,,iwslt24_valid_quechua000651,,,,
no,,iwslt24_valid_quechua000652,,,,
no,,iwslt24_valid_quechua000653,,,,
no,,iwslt24_valid_quechua000654,,,,
no,,iwslt24_valid_quechua000655,,,,
no,,iwslt24_valid_quechua000656,,,,
no,,iwslt24_valid_quechua000657,,,,
no,,iwslt24_valid_quechua000658,,,,
no,,iwslt24_valid_quechua000659,,,,
no,,iwslt24_valid_quechua000660,,,,
no,,iwslt24_valid_quechua000661,,,,
no,,iwslt24_valid_quechua000662,,,,
no,,iwslt24_valid_quechua000663,,,,
no,,iwslt24_valid_quechua000664,,,,
no,,iwslt24_valid_quechua000665,,,,
no,,iwslt24_valid_quechua000666,,,,
no,,iwslt24_valid_quechua000667,,,,
no,,iwslt24_valid_quechua000668,,,,
no,,iwslt24_valid_quechua000669,,,,
no,,iwslt24_valid_quechua000670,,,,
no,,iwslt24_valid_quechua000671,,,,
no,,iwslt24_valid_quechua000672,,,,
no,,iwslt24_valid_quechua000673,,,,
no,,iwslt24_valid_quechua000674,,,,
no,,iwslt24_valid_quechua000675,,,,
no,,iwslt24_valid_quechua000676,,,,
no,,iwslt24_valid_quechua000677,,,,
no,,iwslt24_valid_quechua000678,,,,
no,,iwslt24_valid_quechua000679,,,,
no,,iwslt24_valid_quechua000680,,,,
no,,iwslt24_valid_quechua000681,,,,
no,,iwslt24_valid_quechua000682,,,,
no,,iwslt24_valid_quechua000683,,,,
no,,iwslt24_valid_quechua000684,,,,
no,,iwslt24_valid_quechua000685,,,,
no,,iwslt24_valid_quechua000686,,,,
no,,iwslt24_valid_quechua000687,,,,
no,,iwslt24_valid_quechua000688,,,,
no,,iwslt24_valid_quechua000689,,,,
no,,iwslt24_valid_quechua000690,,,,
no,,iwslt24_valid_quechua000691,,,,
no,,iwslt24_valid_quechua000692,,,,
no,,iwslt24_valid_quechua000693,,,,
no,,iwslt24_valid_quechua000694,,,,
no,,iwslt24_valid_quechua000695,,,,
no,,iwslt24_valid_quechua000696,,,,
no,,iwslt24_valid_quechua000697,,,,
